case_num,case_id,case,gender ,age,presumed_infected_date,last_poss_exposure,date_onset_symptoms,date_hospital,date_confirmation,death,symptom_type,Infection_source,infection_source_named,severity,recorrection,notes
1,TJ1,"Case TJ1, 59F, Wuhan",F,59,5/1/2020,14/01/2020,14/01/2020,,21/01/2020,,NA,Wuhan,Wuhan,severe,added end source,sometimes Tianjin didn't mention the patient's severity
2,TJ2,"Case TJ2, 57M, Wuhan; Train import",M,57,,18/01/2020,18/01/2020,,21/01/2020,,NA,Wuhan; train import,Wuhan; Train import,severe,added end source,"Tianjin didn't tell which patient got cured, but they report death cases"
3,TJ3,"Case TJ3, 68F, Wuhan",F,68,,14/01/2020,14/01/2020,,21/01/2020,,NA,Wuhan,Wuhan,severe,,"source1: http://wsjk.tj.gov.cn/col/col87/index.html#!uid=259&pageNum=1 (Tianjin health commission official website, for daily announcements)"
4,TJ4,"Case TJ4, 40M, Wuhan",M,40,,14/01/2020,14/01/2020,,21/01/2020,,NA,Wuhan,Wuhan,normal,,"source2: https://weibo.com/u/2967529507 (Jinyun News, Tianjin offical local media weibo account, for patient symptom onset reference)"
5,TJ5,"Case TJ5, 46M, Train",M,46,,15/01/2020,15/01/2020,,23/01/2020,,sore throat,train import,Train,severe,,"source3: https://m.weibo.cn/status/IrrHI1FHm?jumpfrom=weibocom (another Tianjin local media weibo link, for mall cluster reference)"
6,TJ6,"Case TJ6, 56M, Train",M,56,,19/01/2020,19/01/2020,,24/01/2020,,fever,train import,Train,severe,,gender 0 = female 1 = male
7,TJ7,"Case TJ7, 29F, Wuhan",F,29,,23/01/2020,24/01/2020,,24/01/2020,,fever,Wuhan,Wuhan,normal,,
8,TJ8,"Case TJ8, 39M, Wuhan; Train import",M,39,19/01/2020,22/01/2020,23/01/2020,,24/01/2020,,fever,Wuhan; train import,Wuhan; Train import,severe,,
9,TJ9,"Case TJ9, 57M, Wuhan",M,57,,17/01/2020,24/01/2020,,25/01/2020,,fever,Wuhan,Wuhan,severe,End Source?,
10,TJ10,"Case TJ10, 30M, Wuhan",M,30,18/01/2020,20/01/2020,24/01/2020,,25/01/2020,,fever,Wuhan,Wuhan,normal,,
11,TJ11,"Case TJ11, 55F, Close contact ",F,55,,23/01/2020,23/01/2020,,26/01/2020,,fever; stuffy nose,TJ6 (family),Close contact ,severe,,
12,TJ12,"Case TJ12, 79F, Close contact ",F,79,,24/01/2020,24/01/2020,,26/01/2020,,fever,TJ5 (family),Close contact ,severe,,
13,TJ13,"Case TJ13, 19M, Close contact ",M,19,,20/01/2020,20/01/2020,,26/01/2020,,fever; sore throat,TJ5 (family),Close contact ,severe,,
14,TJ14,"Case TJ14, 71M, Wuhan",M,71,,19/01/2020,25/01/2020,,25/01/2020,,fever,Wuhan,Wuhan,severe,,
15,TJ15,"Case TJ15, 50M, Wuhan",M,50,,23/01/2020,25/01/2020,,26/01/2020,,fever,Wuhan,Wuhan,severe,,
16,TJ16,"Case TJ16, 78M, Close contact ",M,78,,21/01/2020,21/01/2020,,26/01/2020,,fever,TJ5(family),Close contact ,severe,,
17,TJ17,"Case TJ17, 49M, Coworker ",M,49,,19/01/2020,26/01/2020,,26/01/2020,,fever,coworker of TJ5,Coworker ,normal,,
18,TJ18,"Case TJ18, 43M, Wuhan",M,43,16/01/2020,16/01/2020,23/01/2020,,24/01/2020,,fever,Wuhan,Wuhan,severe,,
19,TJ19,"Case TJ19, 47M, Wuhan",M,47,21/01/2020,21/01/2020,25/01/2020,,25/01/2020,,discomfort,Wuhan,Wuhan,severe,,TJ19-TJ22 original information might need double check
20,TJ20,"Case TJ20, 47M, Coworker",M,47,,19/01/2020,26/01/2020,,26/01/2020,,fever,colleague of TJ6,Coworker,normal,,Because Tianjin gov's earlier report was not very clear
21,TJ21,"Case TJ21, 90M, Close contact ",M,90,,17/01/2020,26/01/2020,,26/01/2020,,fever,family of TJ9,Close contact ,severe,,
22,TJ22,"Case TJ22, 38M, Train",M,38,,23/01/2020,26/01/2020,,26/01/2020,,running nose; fatigue; fever,train,Train,severe,"23 Jan, quarantee started",
23,TJ23,"Case TJ23, 29M, Wuhan",M,29,,21/01/2020,24/01/2020,,25/01/2020,,fever,Wuhan,Wuhan,normal,,
24,TJ24,"Case TJ24, 21M, Wuhan",M,21,,11/1/2020,23/01/2020,,28/01/2020,,fever,Wuhan,Wuhan,normal,,
25,TJ25,"Case TJ25, 41M, Wuhan",M,41,,19/01/2020,27/01/2020,,27/01/2020,,fever; cough,Wuhan,Wuhan,normal,,
26,TJ26,"Case TJ26, 46F, Wuhan",F,46,,22/01/2020,27/01/2020,,27/01/2020,,fever,Wuhan,Wuhan,normal,,
27,TJ27,"Case TJ27, 35M, Coworker of a person from wuhan",M,35,20/02/2020,20/02/2020,28/01/2020,,28/01/2020,,fever,coworker of a person from wuhan,Coworker of a person from wuhan,normal,,
28,TJ28,"Case TJ28, 55M, Train",M,55,,19/02/2020,19/01/2020,,30/01/2020,,fever,train crew ,Train,normal,,
29,TJ29,"Case TJ29, 36M, Wuhan",M,36,18/01/2020,22/01/2020,29/01/2020,,29/01/2020,,fever,Wuhan,Wuhan,normal,,
30,TJ30,"Case TJ30, 64F, Hubei",F,64,19/01/2020,23/01/2020,28/01/2020,,29/01/2020,,respiratory symptoms,Hubei,Hubei,normal,unchecked,
31,TJ31,"Case TJ31, 29F, Hubei",F,29,21/01/2020,24/01/2020,26/01/2020,,30/01/2020,,sore throat,Hubei,Hubei,normal,,
32,TJ32,"Case TJ32, 28M, travel ",M,28,,20/01/2020,23/01/2020,,30/01/2020,,fever,travel ,travel ,severe,travel end day,
33,TJ33,"Case TJ33, 48F, Close contact ",F,48,,24/01/2020,30/01/2020,,31/01/2020,,fever,family of TJ17,Close contact ,normal,TJ17's smypton days ,
34,TJ34,"Case TJ34, 52F, Mall",F,52,17/01/2020,25/01/2020,25/01/2020,,27/01/2020,,fever,mall,Mall,severe,inconsistency,
35,TJ35,"Case TJ35, 74F, Close contact ",F,74,,26/01/2020,30/01/2020,,31/01/2020,,fever,family of TJ20,Close contact ,normal,based on source,
36,TJ36,"Case TJ36, 53M, Close contact ",M,53,,25/01/2020,28/01/2020,,1/2/2020,,diarrhea,family of TJ34,Close contact ,normal,source ,
37,TJ37,"Case TJ37, 43F, Coworker",F,43,16/01/2020,17/01/2020,25/01/2020,,31/01/2020,,fever,business partner,Coworker,normal,,
38,TJ38,"Case TJ38, 32M, Close contact ",M,32,23/01/2020,,,31/1/2020,1/2/2020,,none,family of TJ32,Close contact ,normal,,
39,TJ39,"Case TJ39, 52M, Confirmed patient",M,52,20/01/2020,26/01/2020,27/01/2020,31/1/2020,1/2/2020,,fever,confirmed patient,Confirmed patient,normal,,
40,TJ40,"Case TJ40, 46F, Close contact ",F,46,20/01/2020,26/01/2020,31/01/2020,31/01/2020,1/2/2020,,cough; sore throat,confirmed patient and family of TJ39,Close contact ,normal,,
41,TJ41,"Case TJ41, 21F, Close contact ",F,21,20/01/2020,26/01/2020,31/01/2020,31/01/2020,1/2/2020,,fever,confirmed patient and family of TJ39,Close contact ,normal,,
42,TJ42,"Case TJ42, 64F, Unknown",F,64,,27/01/2020,27/01/2020,1/2/2020,1/2/2020,,fever,unknown,Unknown,minor,,
43,TJ43,"Case TJ43, 35F, Coworker",F,35,18/01/2020,21/01/2020,21/01/2020,27/1/2020,1/2/2020,,fever,colleague of cases TJ34 and TJ37,Coworker,severe,based on TJ34,
44,TJ44,"Case TJ44, 75M, Close contact ",M,75,,26/01/2020,30/01/2020,1/2/2020,1/2/2020,10/02/2020,fever,"relative of cases TJ20, TJ35",Close contact ,normal,based on TJ20,
45,TJ45,"Case TJ45, 61F, Hubei",F,61,30/11/2019,24/01/2020,25/01/2020,28/1/2020,1/2/2020,,fever,living in Hubei,Hubei,normal,,
46,TJ46,"Case TJ46, 71F, Close contact ",F,71,23/01/2020,23/01/2020,,31/1/2020,1/2/2020,,,relative of TJ32,Close contact ,normal,,
47,TJ47,"Case TJ47, 59M, Coworker",M,59,,18/01/2020,23/01/2020,24/1/2020,2/2/2020,,fever,coworkers of cases TJ2; TJ6,Coworker,severe,based on TJ2,
48,TJ48,"Case TJ48, 26M, Coworker",M,26,23/01/2020,23/01/2020,29/01/2020,2/1/2020,2/2/2020,,fever; diziness; dry cough,appeared in workplaces of TJ37/TJ43,Coworker,normal,,
49,TJ49,"Case TJ49, 42F, Wuhan",F,42,16/01/2020,22/01/2020,31/01/2020,2/2/2020,2/2/2020,,fever,travle to Wuhan,Wuhan,normal,,
50,TJ50,"Case TJ50, 66F, Mall",F,66,22/01/2020,22/01/2020,2/2/2020,2/2/2020,3/2/2020,05/02/2020,fever,shopping in mall,Mall,normal,,
51,TJ51,"Case TJ51, 36F, Mall",F,36,20/01/2020,20/01/2020,27/01/2020,1/2/2020,3/2/2020,,stuffy nose; running nose; cough,dshopping in mall,Mall,normal,,
52,TJ52,"Case TJ52, 37F, Close contact ",F,37,23/01/2020,30/01/2020,31/01/2020,1/2/2020,3/2/2020,,fever; body aches,TJ50  family,Close contact ,normal,based on TJ50,
53,TJ53,"Case TJ53, 46F, Mall",F,46,1/1/2020,23/01/2020,31/01/2020,1/2/2020,3/2/2020,,fever; cough,shuperstore worker,Mall,normal,,
54,TJ54,"Case TJ54, 43M, Close contact ",M,43,25/1/2020,25/1/2020,27/01/2020,27/01/2020,3/2/2020,,fever,family of TJ14 and TJ25,Close contact ,normal,,
55,TJ55,"Case TJ55, 56F, NA",F,56,24/1/2020,,1/2/2020,2/2/2020,3/2/2020,,fatigue,TJ9; TJ21,NA,normal,,
56,TJ56,"Case TJ56, 32F, NA",F,32,24/01/2020,24/01/2020,1/2/2020,1/2/2020,3/2/2020,,fever,TJ38,NA,normal,,
57,TJ57,"Case TJ57, 29M, Mall",M,29,23/01/2020,23/01/2020,1/2/2020,,3/2/2020,,fever,shopper in the mall,Mall,normal,,
58,TJ58,"Case TJ58, 69F, Mall",F,69,20/01/2020,20/01/2020,26/01/2020,,3/2/2020,,fever,shopper in the mall,Mall,normal,,
59,TJ59,"Case TJ59, 9M, Wuhan",M,9,,19/01/2020,2/2/2020,,3/2/2020,,fever; cough,Wuhan,Wuhan,normal,,
60,TJ60,"Case TJ60, 61M, NA",M,61,5/1/2020,,25/01/2020,,3/2/2020,,fever,Wuhan; TJ1,NA,normal,,
61,TJ61,"Case TJ61, 61M, NA",M,61,22/01/2020,,31/01/2020,,3/2/2020,,fever; cough,Hubei; TJ45,NA,normal,,
62,TJ62,"Case TJ62, 55M, Train",M,55,,30/01/2020,30/01/2020,,3/2/2020,,fever,worker in the train compoany ,Train,normal,,
63,TJ63,"Case TJ63, 66M, NA",M,66,,,1/2/2020,,3/2/2020,,fever; chest tightness,TJ27,NA,severe,,
64,TJ64,"Case TJ64, 31M, NA",M,31,,,1/2/2020,,4/2/2020,,fever,TJ51,NA,normal,,
65,TJ65,"Case TJ65, 40F, NA",F,40,14/01/2020,17/02/2020,28/01/2020,,3/2/2020,,fever; sore limbs,trip to Dalian,NA,normal,,
66,TJ66,"Case TJ66, 39F, Mall",F,39,20/01/2020,23/01/2020,31/01/2020,,4/2/2020,,general weakness; diziness; nausea,shopper in the mall,Mall,normal,,
67,TJ67,"Case TJ67, 33F, Hubei",F,33,20/01/2020,31/01/2020,26/01/2020,,4/2/2020,,fever,Hubei,Hubei,normal,,
68,TJ68,"Case TJ68, 64F, Mall",F,64,20/01/2020,20/01/2020,29/01/2020,,3/2/2020,12/02/2020,cold; diarrhea,shopper in the mall,Mall,normal,,
69,TJ69,"Case TJ69, 76F, Close contact ",F,76,,,3/2/2020,,4/2/2020,,fever,relative of TJ53,Close contact ,normal,,
70,TJ70,"Case TJ70, 34M, NA",M,34,,,22/01/2020,,4/2/2020,,Fever; cold; sputum; fatigue,unknown,NA,severe,,
71,TJ71,"Case TJ71, 55M, Mall",M,55,24/01/2020,24/01/2020,30/01/2020,,6/2/2020,,discomfort,shopper in the mall,Mall,normal,,
72,TJ72,"Case TJ72, 65F, NA",F,65,,1/2/2020,1/2/2020,,6/2/2020,,fever; dry cough,unclear,NA,normal,,
73,TJ73,"Case TJ73, 60F, Mall",F,60,20/01/2020,20/01/2020,23/01/2020,,6/2/2020,,cold; fever; headache,shopper in the mall,Mall,normal,,
74,TJ74,"Case TJ74, 53M, NA",M,53,20/01/2020,20/01/2020,26/01/2020,,6/2/2020,,body aches,,NA,normal,,
75,TJ75,"Case TJ75, 45M, NA",M,45,,,2/2/2020,,6/2/2020,,fever; cold ,TJ87,NA,normal,,
76,TJ76,"Case TJ76, 30M, NA",M,30,22/01/2020,2/2/2020,3/2/2020,,6/2/2020,,diarrhea,confirmed patient,NA,,,
77,TJ77,"Case TJ77, 64M, NA",M,64,,,27/01/2020,,6/2/2020,,discomfort,,NA,normal,,
78,TJ78,"Case TJ78, 56F, Mall",F,56,24/01/2020,24/01/2020,27/01/2020,,6/2/2020,,discomfort,shopper at the mall,Mall,normal,,
79,TJ79,"Case TJ79, 35M, NA",M,35,24/01/2020,24/01/2020,4/2/2020,,5/2/2020,,fever,confirmed patient,NA,normal,,
80,TJ80,"Case TJ80, 51F, Mall",F,51,23/01/2020,23/01/2020,2/2/2020,,7/2/2020,,muscle ache; fatigue,shopper at the mall,Mall,normal,,
81,TJ81,"Case TJ81, 65M, NA",M,65,,,31/01/2020,,7/2/2020,,cold,TJ72,NA,normal,,
82,TJ82,"Case TJ82, 47M, Mall",M,47,,,3/2/2020,,8/2/2020,,fever,living in the mall proximity ,Mall,normal,,
83,TJ83,"Case TJ83, 42M, Mall",M,42,,,3/2/2020,,8/2/2020,,fever,shopper at the mall,Mall,normal,,
84,TJ84,"Case TJ84, 36M, NA",M,36,,,4/2/2020,,8/2/2020,,fever; headache,TJ43,NA,normal,,
85,TJ85,"Case TJ85, 56F, NA",F,56,,,27/01/2020,,8/2/2020,,fever; body aches,TJ72,NA,normal,,
86,TJ86,"Case TJ86, 65M, NA",M,65,,,31/01/2020,,8/2/2020,,dry cough; fever,"TJ72, TJ85",NA,normal,,
87,TJ87,"Case TJ87, 43F, Mall",F,43,20/01/2020,20/01/2020,2/2/2020,,8/2/2020,,running nose; sneeze,shopper in the mall,Mall,normal,,
88,TJ88,"Case TJ88, 42M, NA",M,42,,,28/01/2020,,8/2/2020,,fever; dry cough; chest tightness,TJ70,NA,normal,,
89,TJ89,"Case TJ89, 34F, Mall",F,34,,23/01/2020,4/2/2020,,9/2/2020,,running nose; sneeze,worker in the mall,Mall,normal,,
90,TJ90,"Case TJ90, 29M, Mall",M,29,,,2/2/2020,,9/2/2020,,cough,living in the mall proximity ,Mall,normal,,
91,TJ91,"Case TJ91, 21M, NA",M,21,,,5/2/2020,5/2/2020,9/2/2020,,throat discomfort,TJ82,NA,normal,,
92,TJ92,"Case TJ92, 63F, Mall",F,63,23/01/2020,23/01/2020,30/01/2020,7/2/2020,10/2/2020,,fever; stuffy nose; vomit,shooper in the mall,Mall,normal,,
93,TJ93,"Case TJ93, 50F, Mall",F,50,21/1/2020,27/1/2020,7/2/2020,9/2/2020,10/2/2020,,fever,living in the mall proximity ,Mall,normal,,
94,TJ94,"Case TJ94, 22F, NA",F,22,,,6/2/2020,7/2/2020,10/2/2020,,fever; diarrhea,TJ75,NA,normal,,
95,TJ95,"Case TJ95, 49M, NA",M,49,,,1/2/2020,9/2/2020,10/2/2020,,cold; fever,unknown,NA,normal,,
96,TJ96,"Case TJ96, 76M, NA",M,76,,,7/2/2020,9/2/2020,10/2/2020,,fever,"TJ93, TJ97",NA,normal,,
97,TJ97,"Case TJ97, 77F, NA",F,77,,,9/2/2020,,10/2/2020,,fever,"TJ93, TJ96, living in Baodi",NA,normal,,
98,TJ98,"Case TJ98, 43M, NA",M,43,,,1/2/2020,,10/2/2020,,head ache; fever,TJ82,NA,normal,,
99,TJ99,"Case TJ99, 31F, Mall",F,31,20/01/2020,21/01/2020,,,10/2/2020,,none,"shopper in the mall, TJ64",Mall,normal,,
100,TJ100,"Case TJ100, 80F, NA",F,80,,,31/01/2020,7/2/2020,10/2/2020,,fever,unknown,NA,normal,,
101,TJ101,"Case TJ101, 50F, Close contact ",F,50,,,1/2/2020,2/2/2020,11/2/2020,,none,wife of TJ95,Close contact ,normal,,
102,TJ102,"Case TJ102, 49M, NA",M,49,25/1/2020,27/1/2020,30/1/2020,3/2/2020,10/2/2020,,,unknown,NA,normal,,in Mongolia from Jan 25-27
103,TJ103,"Case TJ103, 56M, NA",M,56,24/01/2020,26/01/2020,9/2/2020,10/2/2020,11/2/2020,,fever,TJ100,NA,normal,,
104,TJ104,"Case TJ104, 19M, NA",M,19,24/01/2020,1/2/2020,10/2/2020,,11/2/2020,,nono,"TJ95, TJ101",NA,normal,,
105,TJ105,"Case TJ105, 53M, NA",M,53,,,10/2/2020,,11/2/2020,,fever; head ache,TJ103,NA,normal,,
106,TJ106,"Case TJ106, 27F, Hubei",F,27,23/01/2020,30/01/2020,3/2/2020,,11/2/2020,,cough,trip to Hebei,Hubei,normal,,
107,TJ107,"Case TJ107, 49M, NA",M,49,,,5/2/2020,,11/2/2020,,head ache; stuffy nose,TJ93,NA,normal,,
108,TJ108,"Case TJ108, 55F, NA",F,55,,,2/2/2020,,12/2/2020,,stuffy nose; muscle ache,TJ100， TJ103,NA,normal,,
109,TJ109,"Case TJ109, 40F, NA",F,40,,,10/2/2020,,12/2/2020,,fever,TJ102,NA,severe,,
110,TJ110,"Case TJ110, 63M, NA",M,63,,,2/2/2020,,12/2/2020,,fever,,NA,severe,,
111,TJ111,"Case TJ111, 54F, Mall",F,54,22/01/2020,22/01/2020,25/01/2020,,12/2/2020,,cough,mall,Mall,normal,,
112,TJ112,"Case TJ112, 42F, NA",F,42,24/01/2020,24/01/2020,4/2/2020,,12/2/2020,,abdominal pain,TJ7,NA,normal,,
113,TJ113,"Case TJ113, 85M, NA",M,85,,,11/2/2020,,13/02/2020,,fever,"TJ100, TJ103, TJ108",NA,normal,,
114,TJ114,"Case TJ114, 57F, Close contact ",F,57,20/01/2020,5/2/2020,8/2/2020,,13/02/2020,,fever,"mother of TJ115, travel to Huhehaote",Close contact ,normal,likely daughtor infected her,
115,TJ115,"Case TJ115, 28F, NA",F,28,20/01/2020,,5/2/2020,,13/02/2020,,fever; dry throat,TJ114,NA,normal,,
116,TJ116,"Case TJ116, 42M, NA",M,42,,,10/2/2020,,13/02/2020,,cough,TJ95,NA,normal,,
117,TJ117,"Case TJ117, 64M, NA",M,64,25/01/2020,25/01/2020,11/2/2020,,13/02/2020,,fever,"TJ93, living in Baodi",NA,normal,,
118,TJ118,"Case TJ118, 10M, NA",M,10,,,6/2/2020,,13/02/2020,,fatigue,TJ75; TJ87,NA,normal,,
119,TJ119,"Case TJ119, 31F, NA",F,31,26/01/2020,2/2/2020,6/2/2020,,10/2/2020,,cough,TJ93; TJ107,NA,normal,07/-2,
120,TJ120,"Case TJ120, 49M, Close contact ",M,49,,,12/2/2020,,14/02/2020,,"NA, emergancy call",sister of TJ109,Close contact ,normal,,
121,TJ121,"Case TJ121, 31M, Close contact ",M,31,,,11/2/2020,,15/02/2020,,fever,husband of TJ119,Close contact ,normal,"12/2, fever and see doctor ",
122,TJ122,"Case TJ122, 63F, Close contact ",F,63,22/01/2020,22/01/2020,28/01/2020,,15/02/2020,,cough; running nose,wife of TJ110 shopping at the BaoDi Superstore,Close contact ,normal,,
123,TJ123,"Case TJ123, 74M, Close contact ",M,74,,,NA,,16/02/2020,,NA,family member of cases TJ95; TJ116,Close contact ,,,
124,TJ124,"Case TJ124, 66F, Mall",F,66,21/01/2020,21/01/2020,9/2/2020,,16/02/2020,,short of breath; cough,shopping in mall,Mall,,"15/2, fever visit clinic",
125,TJ125,"Case TJ125, 9M, Close contact ",M,9,,,9/2/2020,10/2/2020,17/02/2020,,fever,son of cases  TJ119; TJ121,Close contact ,normal,,
126,TJ126,"Case TJ126, 64M, Close contact ",M,64,,15/02/2020,5/2/2020,5/2/2020,17/02/2020,,none,clos contact of TJ68,Close contact ,,,
127,TJ127,"Case TJ127, 54F, Close contact ",F,54,,10/2/2020,NA,,17/02/2020,,none,"close contact of TJ93, TJ107, TJ119 and TJ121",Close contact ,normal,,
128,TJ128,"Case TJ128, 67M, Close contact ",M,67,24/01/2020,24/01/2020,4/2/2020,15/2/2020,18/02/2020,,"runing nose, daizzy",family of  TJ124,Close contact ,normal,,
129,TJ129,"Case TJ129, 90M, Close contact ",M,90,,6/2/2020,NA,,19/02/2020,,NA,close contact of cases TJ72 TJ85 and TJ86,Close contact ,normal,,
130,TJ130,"Case TJ130, 38M, Close contact ",M,38,,31/01/2020,6/2/2020,,19/02/2020,,fever,close contacts of cases TJ64; TJ99,Close contact ,normal,,
131,TJ131,"Case TJ131, 49F, Mall",F,49,23/01/2020,23/01/2020,8/2/2020,8/2/2020,20/02/2020,,fever,shopper at the mall,Mall,normal,,
132,TJ132,"Case TJ132, 45F, Close contact ",F,45,,8/2/2020,19/02/2020,20/02/2020,21/02/2020,,fever,"wife of TJ82, living at proximity of Baodi shopping mall",Close contact ,normal,,
133,TJ133,"Case TJ133, 47F, Close contact ",F,47,,4/2/2020,4/2/2020,,21/02/2020,,caugh  fever,contact with shoppers living in the same viliiage,Close contact ,normal,,
134,TJ134,"Case TJ134, 65F, Close contact ",F,65,,11/2/2020,13/02/2020,,22/02/2020,,throat pain,wife of TJ117;living at the proximity of the mall,Close contact ,unclassified,,
135,TJ135,"Case TJ135, 60M, Mall",M,60,,3/2/2020,NA,,22/02/2020,,none,"living at the proximity of the mail, wife shoped at the mall",Mall,unclassified,,