case_id,gender ,age,symptom_onset,symptom_type,confirm_date,Infection_source,start_source,end_source,severity,death,recorrection,notes
TJ1,F,59,14/01/2020,NA,21/01/2020,Wuhan,5/1/2020,14/01/2020,severe,,added end source,sometimes Tianjin didn't mention the patient's severity
TJ2,M,57,18/01/2020,NA,21/01/2020,Wuhan; train import,,18/01/2020,severe,,added end source,"Tianjin didn't tell which patient got cured, but they report death cases"
TJ3,F,68,14/01/2020,NA,21/01/2020,Wuhan,,14/01/2020,severe,,,"source1: http://wsjk.tj.gov.cn/col/col87/index.html#!uid=259&pageNum=1 (Tianjin health commission official website, for daily announcements)"
TJ4,M,40,14/01/2020,NA,21/01/2020,Wuhan,,14/01/2020,normal,,,"source2: https://weibo.com/u/2967529507 (Jinyun News, Tianjin offical local media weibo account, for patient symptom onset reference)"
TJ5,M,46,15/01/2020,sore throat,23/01/2020,train import,,15/01/2020,severe,,,"source3: https://m.weibo.cn/status/IrrHI1FHm?jumpfrom=weibocom (another Tianjin local media weibo link, for mall cluster reference)"
TJ6,M,56,19/01/2020,fever,24/01/2020,train import,,19/01/2020,severe,,,gender 0 = female 1 = male
TJ7,F,29,24/01/2020,fever,24/01/2020,Wuhan,,23/01/2020,normal,,,
TJ8,M,39,23/01/2020,fever,24/01/2020,Wuhan; train import,19/01/2020,22/01/2020,severe,,,
TJ9,M,57,24/01/2020,fever,25/01/2020,Wuhan,,17/01/2020,severe,,End Source?,
TJ10,M,30,24/01/2020,fever,25/01/2020,Wuhan,18/01/2020,20/01/2020,normal,,,
TJ11,F,55,23/01/2020,fever; stuffy nose,26/01/2020,TJ6 (family),,23/01/2020,severe,,,
TJ12,F,79,24/01/2020,fever,26/01/2020,TJ5 (family),,24/01/2020,severe,,,
TJ13,M,19,20/01/2020,fever; sore throat,26/01/2020,TJ5 (family),,20/01/2020,severe,,,
TJ14,M,71,25/01/2020,fever,25/01/2020,Wuhan,,19/01/2020,severe,,,
TJ15,M,50,25/01/2020,fever,26/01/2020,Wuhan,,23/01/2020,severe,,,
TJ16,M,78,21/01/2020,fever,26/01/2020,TJ5(family),,21/01/2020,severe,,,
TJ17,M,49,26/01/2020,fever,26/01/2020,coworker of TJ5,,19/01/2020,normal,,,
TJ18,M,43,23/01/2020,fever,24/01/2020,Wuhan,16/01/2020,16/01/2020,severe,,,
TJ19,M,47,25/01/2020,discomfort,25/01/2020,Wuhan,21/01/2020,21/01/2020,severe,,,TJ19-TJ22 original information might need double check
TJ20,M,47,26/01/2020,fever,26/01/2020,colleague of TJ6,,19/01/2020,normal,,,Because Tianjin gov's earlier report was not very clear
TJ21,M,90,26/01/2020,fever,26/01/2020,family of TJ9,,17/01/2020,severe,,,
TJ22,M,38,26/01/2020,running nose; fatigue; fever,26/01/2020,train,,23/01/2020,severe,,"23 Jan, quarantee started",
TJ23,M,29,24/01/2020,fever,25/01/2020,Wuhan,,21/01/2020,normal,,,
TJ24,M,21,23/01/2020,fever,28/01/2020,Wuhan,,11/1/2020,normal,,,
TJ25,M,41,27/01/2020,fever; cough,27/01/2020,Wuhan,,19/01/2020,normal,,,
TJ26,F,46,27/01/2020,fever,27/01/2020,Wuhan,,22/01/2020,normal,,,
TJ27,M,35,28/01/2020,fever,28/01/2020,coworker of a person from wuhan,20/02/2020,20/02/2020,normal,,,
TJ28,M,55,19/01/2020,fever,30/01/2020,train crew ,,19/02/2020,normal,,,
TJ29,M,36,29/01/2020,fever,29/01/2020,Wuhan,18/01/2020,22/01/2020,normal,,,
TJ30,F,64,28/01/2020,respiratory symptoms,29/01/2020,Hubei,19/01/2020,23/01/2020,normal,,unchecked,
TJ31,F,29,26/01/2020,sore throat,30/01/2020,Hubei,21/01/2020,24/01/2020,normal,,,
TJ32,M,28,23/01/2020,fever,30/01/2020,travel ,,20/01/2020,severe,,travel end day,
TJ33,F,48,30/01/2020,fever,31/01/2020,family of TJ17,,24/01/2020,normal,,TJ17's smypton days ,
TJ34,F,52,25/01/2020,fever,27/01/2020,mall,17/01/2020,25/01/2020,severe,,inconsistency,
TJ35,F,74,30/01/2020,fever,31/01/2020,family of TJ20,,26/01/2020,normal,,based on source,
TJ36,M,53,28/01/2020,diarrhea,1/2/2020,family of TJ34,,25/01/2020,normal,,source ,
TJ37,F,43,25/01/2020,fever,31/01/2020,business partner,16/01/2020,17/01/2020,normal,,,
TJ38,M,32,NA,none,1/2/2020,family of TJ32,,23/01/2020,normal,,,
TJ39,M,52,27/01/2020,fever,1/2/2020,confirmed patient,20/01/2020,26/01/2020,normal,,,
TJ40,F,46,31/01/2020,cough; sore throat,1/2/2020,confirmed patient and family of TJ39,20/01/2020,26/01/2020,normal,,,
TJ41,F,21,31/01/2020,fever,1/2/2020,confirmed patient and family of TJ39,20/01/2020,26/01/2020,normal,,,
TJ42,F,64,27/01/2020,fever,1/2/2020,unknown,,27/01/2020,minor,,,
TJ43,F,35,21/01/2020,fever,1/2/2020,colleague of cases TJ34 and TJ37,18/01/2020,21/01/2020,severe,,based on TJ34,
TJ44,M,75,30/01/2020,fever,1/2/2020,"relative of cases TJ20, TJ35",,26/01/2020,normal,10/02/2020,based on TJ20,
TJ45,F,61,25/01/2020,fever,1/2/2020,living in Hubei,,24/01/2020,normal,,,
TJ46,F,71,NA,,1/2/2020,relative of TJ32,23/01/2020,23/01/2020,normal,,,
TJ47,M,59,23/01/2020,fever,2/2/2020,coworkers of cases TJ2; TJ6,,18/01/2020,severe,,based on TJ2,
TJ48,M,26,29/01/2020,fever; diziness; dry cough,1/2/2020,appeared in workplaces of TJ37/TJ43,23/01/2020,23/01/2020,normal,,,
TJ49,M,42,31/01/2020,fever,2/2/2020,travle to Wuhan,16/01/2020,22/01/2020,normal,,,
TJ50,M,66,2/2/2020,fever,3/2/2020,shopping in mall,22/01/2020,22/01/2020,normal,05/02/2020,,
TJ51,F,36,27/01/2020,stuffy nose; running nose; cough,3/2/2020,dshopping in mall,20/01/2020,20/01/2020,normal,,,
TJ52,F,37,30/01/2020,fever; body aches,3/2/2020,TJ50  family,23/01/2020,30/01/2020,normal,,based on TJ50,
TJ53,F,46,31/01/2020,fever; cough,3/2/2020,shuperstore worker,,23/01/2020,normal,,,
TJ54,F,43,27/01/2020,fever,3/2/2020,family of TJ14 and TJ25,,24/01/2020,normal,,,
TJ55,F,56,1/2/2020,fatigue,3/2/2020,TJ9; TJ21,,,normal,,,
TJ56,F,32,1/2/2020,fever,3/2/2020,TJ38,24/01/2020,24/01/2020,normal,,,
TJ57,M,29,1/2/2020,fever,3/2/2020,shopper in the mall,23/01/2020,23/01/2020,normal,,,
TJ58,F,69,26/01/2020,fever,3/2/2020,shopper in the mall,20/01/2020,20/01/2020,normal,,,
TJ59,M,9,2/2/2020,fever; cough,3/2/2020,Wuhan,,19/01/2020,normal,,,
TJ60,M,61,25/01/2020,fever,3/2/2020,Wuhan; TJ1,5/1/2020,,normal,,,
TJ61,M,61,31/01/2020,fever; cough,3/2/2020,Hubei; TJ45,22/01/2020,,normal,,,
TJ62,M,55,30/01/2020,fever,3/2/2020,worker in the train compoany ,,30/01/2020,normal,,,
TJ63,M,66,1/2/2020,fever; chest tightness,3/2/2020,TJ27,,,severe,,,
TJ64,M,31,1/2/2020,fever,4/2/2020,TJ51,,,normal,,,
TJ65,F,40,28/01/2020,fever; sore limbs,3/2/2020,trip to Dalian,14/01/2020,17/02/2020,normal,,,
TJ66,F,39,31/01/2020,general weakness; diziness; nausea,4/2/2020,shopper in the mall,20/01/2020,23/01/2020,normal,,,
TJ67,F,33,26/01/2020,fever,4/2/2020,Hubei,20/01/2020,31/01/2020,normal,,,
TJ68,F,64,29/01/2020,cold; diarrhea,3/2/2020,shopper in the mall,20/01/2020,20/01/2020,normal,12/02/2020,,
TJ69,F,76,3/2/2020,fever,4/2/2020,relative of TJ53,,,normal,,,
TJ70,M,34,22/01/2020,Fever; cold; sputum; fatigue,4/2/2020,unknown,,,severe,,,
TJ71,M,55,30/01/2020,discomfort,6/2/2020,shopper in the mall,24/01/2020,24/01/2020,normal,,,
TJ72,F,65,1/2/2020,fever; dry cough,6/2/2020,unclear,,1/2/2020,normal,,,
TJ73,F,60,23/01/2020,cold; fever; headache,6/2/2020,shopper in the mall,20/01/2020,20/01/2020,normal,,,
TJ74,M,53,26/01/2020,body aches,6/2/2020,,20/01/2020,20/01/2020,normal,,,
TJ75,M,45,2/2/2020,fever; cold ,6/2/2020,TJ87,,,normal,,,
TJ76,M,30,3/2/2020,diarrhea,6/2/2020,confirmed patient,22/01/2020,2/2/2020,,,,
TJ77,M,64,27/01/2020,discomfort,6/2/2020,,,,normal,,,
TJ78,F,56,27/01/2020,discomfort,6/2/2020,shopper at the mall,24/01/2020,24/01/2020,normal,,,
TJ79,M,35,4/2/2020,fever,5/2/2020,confirmed patient,24/01/2020,24/01/2020,normal,,,
TJ80,F,51,2/2/2020,muscle ache; fatigue,7/2/2020,shopper at the mall,23/01/2020,23/01/2020,normal,,,
TJ81,M,65,31/01/2020,cold,7/2/2020,TJ72,,,normal,,,
TJ82,M,47,3/2/2020,fever,8/2/2020,living in the mall proximity ,,,normal,,,
TJ83,M,42,3/2/2020,fever,8/2/2020,shopper at the mall,,,normal,,,
TJ84,M,36,4/2/2020,fever; headache,8/2/2020,TJ43,,,normal,,,
TJ85,F,56,27/01/2020,fever; body aches,8/2/2020,TJ72,,,normal,,,
TJ86,M,65,31/01/2020,dry cough; fever,8/2/2020,"TJ72, TJ85",,,normal,,,
TJ87,F,43,2/2/2020,running nose; sneeze,8/2/2020,shopper in the mall,20/01/2020,20/01/2020,normal,,,
TJ88,M,42,28/01/2020,fever; dry cough; chest tightness,8/2/2020,TJ70,,,normal,,,
TJ89,F,34,4/2/2020,running nose; sneeze,9/2/2020,worker in the mall,,23/01/2020,normal,,,
TJ90,M,29,2/2/2020,cough,9/2/2020,living in the mall proximity ,,,normal,,,
TJ91,M,21,5/2/2020,throat discomfort,9/2/2020,TJ82,,,normal,,,
TJ92,F,63,30/01/2020,fever; stuffy nose; vomit,10/2/2020,shooper in the mall,23/01/2020,23/01/2020,normal,,,
TJ93,F,50,3/2/2020,fever,10/2/2020,living in the mall proximity ,,,normal,,,
TJ94,F,22,6/2/2020,fever; diarrhea,10/2/2020,TJ75,,,normal,,,
TJ95,M,49,1/2/2020,cold; fever,10/2/2020,unknown,,,normal,,,
TJ96,M,76,7/2/2020,fever,10/2/2020,"TJ93, TJ97",,,normal,,,
TJ97,F,77,9/2/2020,fever,10/2/2020,"TJ93, TJ96, living in Baodi",,,normal,,,
TJ98,M,43,1/2/2020,head ache; fever,10/2/2020,TJ82,,,normal,,,
TJ99,F,31,NA,none,10/2/2020,"shopper in the mall, TJ64",20/01/2020,21/01/2020,normal,,,
TJ100,F,80,31/01/2020,fever,10/2/2020,unknown,,,normal,,,
TJ101,F,50,none,none,11/2/2020,wife of TJ95,,,normal,,,
TJ102,M,49,NA,,10/2/2020,unknown,,,normal,,,
TJ103,M,56,9/2/2020,fever,11/2/2020,TJ100,24/01/2020,26/01/2020,normal,,,
TJ104,M,19,NA,nono,11/2/2020,"TJ95, TJ101",,,normal,,,
TJ105,M,53,10/2/2020,fever; head ache,11/2/2020,TJ103,,,normal,,,
TJ106,F,27,3/2/2020,cough,11/2/2020,trip to Hebei,23/01/2020,30/01/2020,normal,,,
TJ107,M,49,5/2/2020,head ache; stuffy nose,11/2/2020,TJ93,,,normal,,,
TJ108,F,55,2/2/2020,stuffy nose; muscle ache,12/2/2020,TJ100， TJ103,,,normal,,,
TJ109,F,40,10/2/2020,fever,12/2/2020,TJ102,,,severe,,,
TJ110,M,63,2/2/2020,fever,12/2/2020,,,,severe,,,
TJ111,F,54,25/01/2020,cough,12/2/2020,mall,22/01/2020,22/01/2020,normal,,,
TJ112,F,42,4/2/2020,abdominal pain,12/2/2020,TJ7,24/01/2020,24/01/2020,normal,,,
TJ113,M,85,11/2/2020,fever,13/02/2020,"TJ100, TJ103, TJ108",,,normal,,,
TJ114,F,57,8/2/2020,fever,13/02/2020,"mother of TJ115, travel to Huhehaote",20/01/2020,5/2/2020,normal,,likely daughtor infected her,
TJ115,F,28,5/2/2020,fever; dry throat,13/02/2020,TJ114,20/01/2020,,normal,,,
TJ116,M,42,10/2/2020,cough,13/02/2020,TJ95,,,normal,,,
TJ117,M,64,11/2/2020,fever,13/02/2020,"TJ93, living in Baodi",25/01/2020,25/01/2020,normal,,,
TJ118,M,10,6/2/2020,fatigue,13/02/2020,TJ75; TJ87,,,normal,,,
TJ119,F,31,6/2/2020,cough,10/2/2020,TJ93; TJ107,26/01/2020,2/2/2020,normal,,07/-2,
TJ120,M,49,12/2/2020,"NA, emergancy call",14/02/2020,sister of TJ109,,,normal,,,
TJ121,M,31,11/2/2020,fever,15/02/2020,husband of TJ119,,,normal,,"12/2, fever and see doctor ",
TJ122,F,63,28/01/2020,cough; running nose,15/02/2020,wife of TJ110 shopping at the BaoDi Superstore,22/01/2020,22/01/2020,normal,,,
TJ123,M,74,NA,NA,16/02/2020,family member of cases TJ95; TJ116,,,,,,
TJ124,F,66,9/2/2020,short of breath; cough,16/02/2020,shopping in mall,21/01/2020,21/01/2020,,,"15/2, fever visit clinic",
TJ125,M,9,9/2/2020,fever,17/02/2020,son of cases  TJ119; TJ121,,,normal,,,
TJ126,M,64,5/2/2020,none,17/02/2020,clos contact of TJ68,,15/02/2020,,,,
TJ127,F,54,NA,none,17/02/2020,"close contact of TJ93, TJ107, TJ119 and TJ121",,10/2/2020,normal,,,
TJ128,M,57,4/2/2020,"runing nose, daizzy",18/02/2020,family of  TJ124,24/01/2020,24/01/2020,normal,,,
TJ129,M,90,NA,NA,19/02/2020,close contact of cases TJ72 TJ85 and TJ86,,6/2/2020,normal,,,
TJ130,M,38,6/2/2020,fever,19/02/2020,close contacts of cases TJ64; TJ99,,31/01/2020,normal,,,
TJ131,F,49,8/2/2020,fever,20/02/2020,shopper at the mall,23/01/2020,23/01/2020,normal,,,
TJ132,F,45,19/02/2020,fever,21/02/2020,"wife of TJ82, living at proximity of Baodi shopping mall",,8/2/2020,normal,,,
TJ133,F,47,4/2/2020,caugh  fever,21/02/2020,contact with shoppers living in the same viliiage,,4/2/2020,normal,,,
TJ134,F,65,13/02/2020,throat pain,22/02/2020,wife of TJ117;living at the proximity of the mall,,11/2/2020,unclassified,,,
TJ135,M,60,NA,none,22/02/2020,"living at the proximity of the mail, wife shoped at the mall",,3/2/2020,unclassified,,,